,X1 transaction date,X2 house age,X3 distance to the nearest MRT station,X4 number of convenience stores,X5 latitude,X6 longitude,Y house price of unit area
0,-0.2339669474759733,-0.887651886378747,0.8645400645530731,-0.37147511094380414,-0.48186766584900037,-1.3566715761657835,-0.7555361431316348
1,-0.2339669474759733,2.0792163065403475,-0.63598335028398,1.3259939390643076,0.35615290249585924,0.49317930470967075,1.8608627976416936
2,1.5392886957456058,1.5964418964499623,-0.3511157751477522,-0.37147511094380414,0.5318149062449936,0.24688003279279488,1.728572963557649
3,0.0639400005846585,-1.4582034619401112,-0.7054071945513911,0.6470063190610629,-0.26752778971446756,0.49057296320800775,0.7804958192886622
4,0.0639400005846585,-0.39609975974126393,-0.26448993821742645,-0.7109689209454265,0.3771034167045451,1.0522395568372178,-0.01324318521560631
5,-1.7093156426369205,0.9995571712473044,-0.4577821854894754,-0.03198130094218181,0.7590474065077063,0.3602558881193021,0.17049269545667797
6,1.5392886957456058,1.131222919453773,-0.5172088789183948,2.004981559067552,0.9830567507384457,0.26512442330536184,0.7731463840617707
7,1.5392886957456058,-0.9754290518497262,-0.7871183552740652,1.66548774906593,0.4270623352018504,0.6345733311797497,1.4786921658433425
8,-0.5283273842510522,1.148778352547969,-0.559452278535978,0.6470063190610629,-0.3835614068700902,0.4091247912780297,-0.08673753748452002
9,-0.822687821026131,0.15689638272590464,-0.6158664760502528,1.66548774906593,0.9113415290244611,0.40065418139739345,0.31013196476761445
10,0.3583004373597374,-0.03621338131024938,-0.5068912329331491,-1.050462730947049,0.48185598774768834,-0.3949315620160248,0.4350723636247675
11,-1.7093156426369205,1.131222919453773,-0.744822313635344,1.3259939390643076,1.0088419989950916,0.5251069881061999,1.1259192749525564
12,-1.4149552058618418,1.4647761482434936,-0.45249524367057276,0.6470063190610629,1.4866748807534693,0.6287090628007764,-0.28517228861058674
13,-1.1205947690867628,-0.23810086189350144,0.5898325421148489,-0.7109689209454265,-0.3537472135731912,-1.1761824271689076,-1.255297738560248
14,1.5392886957456058,1.5525533137144727,-0.6064104826536229,1.66548774906593,0.1353667142973796,0.4775412556987668,2.9412297759947252
15,-0.2339669474759733,-0.8437633036432575,-0.7757453017355873,0.30751250905944055,-0.18453152188800356,0.4762380849483983,1.0009788760954033
16,0.6526608741348162,0.5518936273453107,2.728607185633582,-1.3899565409486712,-1.74212167439812,-2.4161493966320715,-1.7330110283081872
17,0.0639400005846585,0.04278606761363171,0.8681530629936137,-0.37147511094380414,-0.48670239989696046,-1.357974746917078,-1.1891528215182254
18,-1.1205947690867628,-0.4399883424767535,-0.7239916345123443,-1.050462730947049,0.3771034167045451,-0.2294288766544057,-0.37336551133328344
19,-0.822687821026131,1.7983293770332145,-0.421079588370696,-0.7109689209454265,0.560017521525906,0.02925051739606389,-0.6011980033669158
20,-0.2339669474759733,0.9381131554176187,-0.36957431479023994,-0.37147511094380414,0.679274294713502,-0.02417948339034247,-0.2484251124761299
21,1.2449282589705268,-1.1246502331503905,-0.5515476559609661,1.66548774906593,0.9790278056981926,0.29444576520022797,0.49386784543989876
22,-0.5283273842510522,1.9212174086925853,-0.4779204524771268,-0.03198130094218181,0.36259921456009225,0.3576495466176391,0.06025116705330741
23,0.6526608741348162,-1.1422056662445865,-0.5515476559609661,1.66548774906593,0.9790278056981926,0.29444576520022797,0.5012172806667897
24,-1.4149552058618418,-0.36976661009997014,2.46687238763987,-1.3899565409486712,-2.431877065266764,-1.9242024381748928,-1.4243347487787494
25,-0.2339669474759733,1.8334402432216061,-0.22121374397983348,-0.03198130094218181,0.7534068834517529,0.09180271343782775,1.8314650567341282
26,0.950567822195448,-1.177316532432978,-0.5164743151345735,0.9865001290626852,0.9242341531526409,0.28792991144560753,0.5306150215743556
27,-0.2339669474759733,-1.3353154302807404,-0.7349928186016809,-0.03198130094218181,-0.16680416371157733,0.4273691817896707,-0.07938810225762855
28,-1.1205947690867628,1.5086647309789831,-0.4095133978804932,-0.03198130094218181,0.08057306175182792,0.8105013825489468,-0.6967406613165037
29,-0.2339669474759733,-0.13276826332832653,-0.6295498360871593,0.30751250905944055,1.04751987138049,0.6593335754469372,1.2508596738097097
30,1.2449282589705268,-1.0895393669619988,-0.6530534209643616,0.6470063190610629,0.5495422644217062,0.7687999185204869,1.8535133624148026
31,0.950567822195448,-0.11521283023413079,-0.6295498360871593,0.30751250905944055,1.04751987138049,0.6593335754469372,0.956882264734055
32,-0.822687821026131,1.2892218173015353,-0.648774711714667,1.3259939390643076,0.9314862542248674,0.4234596695376392,0.16314326022978703
33,-1.1205947690867628,-1.0368730676794113,-0.7871183552740652,1.66548774906593,0.4270623352018504,0.6345733311797497,1.0818226635912085
34,1.5392886957456058,1.2979995338486332,-0.5224122305321489,1.3259939390643076,0.5511538424376928,0.375893937130206,-0.1234847136189769
35,-1.1205947690867628,1.1926669352834585,-0.3827126349966096,0.30751250905944055,-0.025791087307302014,0.8567639442050854,-0.5203542158711109
36,0.950567822195448,1.9651059914280748,-0.7607443857542127,1.3259939390643076,0.5898317148228049,0.6469534533133434,0.46447010453233284
37,-0.822687821026131,0.9030022892292272,-0.5635497040042701,0.6470063190610629,0.7534068834517529,0.5101205244709432,0.20723987159113486
38,-1.4149552058618418,-0.1591014129696202,-0.6295498360871593,0.30751250905944055,1.04751987138049,0.6593335754469372,0.302782529540723
39,1.5392886957456058,-1.203649682074272,0.8426291305893204,-0.37147511094380414,-0.48670239989696046,-1.337124014902848,-0.7040900965433952
40,-0.2339669474759733,2.070438589993249,-0.540369070478902,-0.03198130094218181,1.1466319193673935,0.732311137496279,-0.21167793634167303
41,0.3583004373597374,0.007675201425240183,0.5540678191745934,-0.37147511094380414,-0.13860154843066502,-1.2055037690637738,-1.0495135522072896
42,0.950567822195448,0.18322953236719844,-0.3512203619447153,0.30751250905944055,0.09185410786402108,0.8541576027034223,-0.03529149089628022
43,-1.7093156426369205,-0.44876605902385136,-0.5551064594248986,0.9865001290626852,-0.13537839239869162,0.7349174789979419,0.33218027044828835
44,1.2449282589705268,-0.10643511368703275,0.9540576471870043,-0.37147511094380414,-0.8202990492188031,-1.2882551117450465,-1.0862607283417465
45,1.2449282589705268,-0.984206768396824,-0.7871183552740652,1.66548774906593,0.4270623352018504,0.6345733311797497,1.904959409003042
46,-1.1205947690867628,-1.5547583439581882,-0.6266396292292413,0.6470063190610629,0.6776627166975153,0.7310079667449845,2.4267693101123293
47,0.6526608741348162,-0.2556562949876972,-0.5471989844826969,0.6470063190610629,-0.5890376039161237,0.31008381421113196,-2.2327726237368
48,-1.7093156426369205,1.4735538647905915,-0.36479604512020297,0.9865001290626852,0.8299568392139838,0.19931430038628772,0.17049269545667797
49,-0.822687821026131,1.807107093580312,-0.34956329507222694,-0.37147511094380414,0.5285917502130203,0.24557686204242635,-0.4762576045097625
50,-1.7093156426369205,-1.2826491309981531,-0.55464540596162,0.30751250905944055,0.9524367684335533,0.6873517465905088,1.3390528965324064
51,1.5392886957456058,-0.9754290518497262,-0.7871183552740652,1.66548774906593,0.4270623352018504,0.6345733311797497,1.5448370828853648
52,1.2449282589705268,1.3243326834899267,-0.5594248641179862,1.66548774906593,0.1998298349391377,0.6606367461973056,0.04555229659952498
53,-1.4149552058618418,-0.31710031081738266,1.2135073821319187,-1.3899565409486712,-1.1345567623482329,1.8491284710010047,-1.1891528215182254
54,0.3583004373597374,1.043445753982794,-0.43447787015345624,1.3259939390643076,0.958077291489793,0.20648173951562948,-0.03529149089628022
55,-1.7093156426369205,0.21834039855558995,0.872540954520744,-0.37147511094380414,-0.4681692527125409,-1.3677485275480827,-1.115658469249312
56,-1.4149552058618418,-1.5547583439581882,-0.7118685193283134,-1.3899565409486712,0.1667924856102653,-0.10823399682198352,1.0450754874567516
57,1.5392886957456058,1.3682212662254163,-0.7030043128911657,0.9865001290626852,0.64301378935237,0.5785369888926063,0.10434777841465574
58,-0.822687821026131,1.499887014431885,-0.7082162216064896,1.3259939390643076,0.6478485234006163,0.6358765019310442,0.46447010453233284
59,0.950567822195448,0.2007849654613942,0.42959606127686967,-0.37147511094380414,-0.22643255030537537,-1.0869152307339407,-0.6305957442744814
60,-1.7093156426369205,1.5086647309789831,-0.7166032903987043,1.3259939390643076,0.3593760585281189,0.5922202817765685,0.12639608409533018
61,1.5392886957456058,-0.09765739713993471,-0.6023205050329932,0.6470063190610629,0.755824250475733,0.6150257699168142,0.956882264734055
62,1.2449282589705268,-1.203649682074272,0.8426291305893204,-0.37147511094380414,-0.48670239989696046,-1.337124014902848,-0.5350530863248936
63,0.950567822195448,1.3945544158667105,-0.5646389121087024,1.3259939390643076,0.2828261027656017,0.4710254019441463,0.28808365908694006
64,-1.4149552058618418,-0.8700964532845511,-0.7757453017355873,0.30751250905944055,-0.18453152188800356,0.4762380849483983,0.6629048556584001
65,0.0639400005846585,-0.5014323583064388,0.21888218906828366,-1.050462730947049,-1.369041363683172,0.9812167509138918,-0.9319225885770275
66,-0.5283273842510522,-1.466981178487209,-0.7054071945513911,0.6470063190610629,-0.26752778971446756,0.49057296320800775,0.9348339590533811
67,-0.822687821026131,-0.4136551928354597,-0.46878210186006103,0.30751250905944055,-0.31265197416381274,0.26121491105240435,0.09699834318776426
68,0.0639400005846585,1.3594435496783188,-0.7623422660075105,2.004981559067552,1.0273751461797975,0.4710254019441463,0.5967599386163779
69,-0.822687821026131,-0.4399883424767535,-0.7239916345123443,-1.050462730947049,0.3771034167045451,-0.2294288766544057,-0.04999036135006317
70,0.950567822195448,-0.3609888935528722,-0.46878210186006103,0.30751250905944055,-0.31265197416381274,0.26121491105240435,0.427722928397876
71,-1.7093156426369205,0.4641164618743316,-0.7549987674446896,0.6470063190610629,-0.9991842090001972,0.2794593015649713,-0.05733979657695412
72,0.6526608741348162,1.7193299281093328,-0.39299121939783815,1.3259939390643076,0.14020144834562595,0.8456869928227861,-0.04264092612317169
73,-0.822687821026131,1.22777780147185,0.059874603094619845,-1.3899565409486712,-1.5656538816409922,-0.20727497388888128,-1.7771076396695353
74,-1.1205947690867628,-0.13276826332832653,2.369723138124516,-1.3899565409486712,-2.1498509124582137,-1.9411436579361654,-1.710962722627513
75,-0.2339669474759733,-0.589209523777418,0.49817093014317576,-0.7109689209454265,-0.3956482419902767,-1.0856120599826462,-0.6746923556358295
76,-1.1205947690867628,-0.1766568460638161,-0.2123066728024154,-0.03198130094218181,0.792084755836865,0.08333210355719152,0.008805120465068119
77,0.950567822195448,-0.8525410201903553,-0.7537687633264669,1.66548774906593,1.124069827142721,0.42020174266032895,0.684953161339074
78,0.6526608741348162,-0.6067649568716137,-0.6586618879515036,-1.050462730947049,0.44881863841852965,-0.18903058337631434,5.844256690616818
79,-0.2339669474759733,-1.4582034619401112,-0.7054071945513911,0.6470063190610629,-0.26752778971446756,0.49057296320800775,1.2067630624483616
80,0.3583004373597374,0.0954523668962193,-0.5490141992693808,0.9865001290626852,0.821898949133764,0.4234596695376392,0.19254100113735242
81,-1.1205947690867628,-0.1591014129696202,0.32788540123033283,-0.37147511094380414,0.08057306175182792,-1.0686708402213736,-1.0568629874341808
82,1.2449282589705268,-0.06254653095154318,2.3754904661176512,-1.3899565409486712,-2.214314033100258,-1.9255056089252613,-1.4096358783249667
83,0.950567822195448,0.3061175640265691,0.872540954520744,-0.37147511094380414,-0.4681692527125409,-1.3677485275480827,-0.7555361431316348
84,0.950567822195448,0.9556685885118148,-0.702594998199415,0.6470063190610629,0.5866085587908316,0.716673088485375,0.33218027044828835
85,-0.822687821026131,-1.37920401301623,0.294675131573477,-1.050462730947049,-1.4367276403571898,1.0190087026903203,-0.9098742828963534
86,0.950567822195448,-0.9929844849439219,-0.7871183552740652,1.66548774906593,0.4270623352018504,0.6345733311797497,1.7800190101458888
87,1.5392886957456058,1.2628886676602418,0.28103210083933877,-0.37147511094380414,0.4157812890896572,-1.0334852299475343,-0.8069821897198742
88,0.950567822195448,-0.8964296029258448,-0.35200262364654544,0.30751250905944055,0.28604925879786136,0.9629723604022509,0.20723987159113486
89,1.2449282589705268,-0.6418758230600053,0.9254761356199815,-0.03198130094218181,-0.762282240641278,-1.2921646239970779,-0.7849338840392001
90,-1.1205947690867628,-0.6506535396071033,1.5814825577345735,-1.3899565409486712,-1.1627593776291452,2.144296646075682,-0.9760191999383758
91,1.5392886957456058,0.8415582733995419,-0.5912989582112175,0.6470063190610629,-0.38033825083783057,0.47363174344580933,-0.10878584316519394
92,0.6526608741348162,-0.018657948216053617,-0.06982776237000582,-1.3899565409486712,-0.48186766584900037,1.028782483321325,-0.9319225885770275
93,0.3583004373597374,-0.6418758230600053,-0.6397516442715263,0.30751250905944055,-1.0555894395620218,0.375893937130206,-0.3219194647450436
94,-1.7093156426369205,1.3331104000370249,-0.7896172190902306,2.004981559067552,1.1256814051587076,0.44691674305353213,0.6702542908852915
95,1.2449282589705268,-0.018657948216053617,-0.09439440865239976,-0.03198130094218181,1.586592717748366,0.04879807865899936,0.016154555691959595
96,0.0639400005846585,2.289881503670697,-0.8131593663871921,0.9865001290626852,-0.12329155727821883,0.4775412556987668,0.34687914090207134
97,-0.822687821026131,-0.773541571266474,0.25555966950930764,-1.3899565409486712,1.345661804349194,-0.3766871715034579,0.7363992079273138
98,1.5392886957456058,-0.11521283023413079,0.4433951798822329,-0.7109689209454265,-1.2159414521587102,1.1975430955602544,-0.9760191999383758
99,0.950567822195448,-0.26443401153479523,0.5017847209079358,-0.7109689209454265,-0.3674456267096507,-1.0992953528666083,-1.1009595987955292
100,1.2449282589705268,-0.22054542879930567,2.129774879192108,-1.3899565409486712,-2.8524989274550374,-1.4192237722084733,-0.6379451795013726
101,1.2449282589705268,-0.09765739713993471,-0.6295498360871593,0.30751250905944055,1.04751987138049,0.6593335754469372,1.5889336942467132
102,-0.822687821026131,-0.1239905467812285,2.3632664880604883,-1.3899565409486712,-2.099891993960908,-1.9509174385671701,-1.2846954794678134
103,1.5392886957456058,0.034008351066533986,0.5540678191745934,-0.37147511094380414,-0.13860154843066502,-1.2055037690637738,-1.255297738560248
104,-1.1205947690867628,-0.4399883424767535,-0.7102421154031164,-1.050462730947049,0.3908018298410046,-0.23138363278042146,-0.6967406613165037
105,-1.4149552058618418,-0.8700964532845511,-0.7757453017355873,0.30751250905944055,-0.18453152188800356,0.4762380849483983,0.030853426145742026
106,0.950567822195448,0.06911921725492551,0.8651057840457366,-0.37147511094380414,-0.4617229406483078,-1.3638390152960511,-0.7261384022240691
107,0.3583004373597374,-0.7559861381722783,0.25206235040480185,-1.3899565409486712,1.3424386483172206,-0.3753840007521634,0.38362631703652816
108,-1.1205947690867628,-0.4575437755709492,-0.41351495211823586,0.30751250905944055,1.4850633027371962,0.6873517465905088,0.2954330943138315
109,1.2449282589705268,-1.098317083509097,-0.5493320797462109,0.30751250905944055,0.8331799952459572,0.5922202817765685,1.0450754874567516
110,0.0639400005846585,-0.5365432244948305,-0.698823455682569,1.3259939390643076,1.277975527675176,0.5114236952222377,1.317004590851732
111,-0.2339669474759733,1.499887014431885,-0.5377284915528516,-1.050462730947049,0.3593760585281189,0.023386249017090653,0.2513364829524832
112,1.5392886957456058,1.5964418964499623,-0.3703999166268723,-0.37147511094380414,0.6607411475287962,0.2807624723162658,-0.08673753748452002
113,-1.7093156426369205,1.7017744950151374,-0.13093156847416487,-1.050462730947049,0.2377019183162565,1.1252171188865598,-0.44685986360219715
114,-1.4149552058618418,-0.20298999570510975,-0.6960716344361125,0.9865001290626852,1.2215702971136377,0.590917111025274,1.2582091090366014
115,0.0639400005846585,-1.3879817295633279,-0.5639344566452189,0.9865001290626852,0.3142518740787737,0.44952308455519513,0.18519156591046093
116,1.2449282589705268,-0.5189877914006346,-0.4361027686626363,-0.03198130094218181,0.43673180329834316,0.9310446770057217,0.17049269545667797
117,-0.822687821026131,-1.2475382648097613,-0.8140429663566857,0.9865001290626852,-0.9339152993504457,0.24427369129113188,1.1406181454063393
118,1.5392886957456058,-0.07132424749864122,2.3632664880604883,-1.3899565409486712,-2.099891993960908,-1.9509174385671701,-1.4463830544594236
119,-0.5283273842510522,-0.10643511368703275,2.3754904661176512,-1.3899565409486712,-2.214314033100258,-1.9255056089252613,-1.850601991938449
120,0.950567822195448,-0.26443401153479523,0.5017847209079358,-0.7109689209454265,-0.3674456267096507,-1.0992953528666083,-0.5497519567786763
121,0.950567822195448,0.227118115102688,-0.6309144560902609,0.6470063190610629,0.9177878410884078,0.5811433303942692,0.6408565499777262
122,0.6526608741348162,-0.5014323583064388,0.21888218906828366,-1.050462730947049,-1.369041363683172,0.9812167509138918,-0.6673429204089383
123,1.2449282589705268,-0.3609888935528722,-0.46878210186006103,0.30751250905944055,-0.31265197416381274,0.26121491105240435,0.7363992079273138
124,1.2449282589705268,-0.07132424749864122,2.3632664880604883,-1.3899565409486712,-2.099891993960908,-1.9509174385671701,-1.2699966090140307
125,-0.822687821026131,0.2534512647439818,1.0979706644565583,-0.03198130094218181,-0.640608100429702,-1.492201334257815,-1.1891528215182254
126,-1.4149552058618418,-1.5547583439581882,-0.6936760421587057,0.6470063190610629,-1.0354447143613292,0.3309345462244359,0.44242179885165894
127,-0.5283273842510522,-0.39609975974126393,-0.46878210186006103,0.30751250905944055,-0.31265197416381274,0.26121491105240435,0.3174813999945054
128,-0.2339669474759733,-0.9315404691142366,-0.5012574908034078,0.30751250905944055,0.5318149062449936,0.8847821153495831,1.4051978135744287
129,0.950567822195448,-0.5102100748535366,1.6539318920338282,-1.3899565409486712,2.5881884547218874,-1.0165440101862617,0.6335071147508348
130,-1.7093156426369205,-1.4230925957517195,-0.8402620919543375,0.9865001290626852,-0.1055641991017926,0.499043573088644,0.8613396067844673
131,-1.4149552058618418,-0.001102515121857854,-0.5808007415363666,-1.050462730947049,0.5165049150925475,-0.14146485096980718,-0.04264092612317169
132,1.2449282589705268,-1.0632062173207053,1.0499146159004895,-1.3899565409486712,-1.126498872268013,1.7122955421586046,-0.9760191999383758
133,-0.2339669474759733,-1.5547583439581882,-0.6416806368161184,-1.050462730947049,0.46493441857896917,-0.1805599734956781,1.0450754874567516
134,-0.2339669474759733,-0.38732204319416585,-0.5925257930325625,0.30751250905944055,-0.9081300510935134,0.06639088379591906,0.3248308352213969
135,-1.4149552058618418,1.0171126043415002,-0.439033655182681,1.3259939390643076,0.9661351815700128,0.20778491026692394,0.16314326022978703
136,-0.2339669474759733,1.0171126043415002,0.32008496929017427,-0.7109689209454265,0.5148933370765607,-1.0491232789584382,-0.8069821897198742
137,-1.4149552058618418,-0.4575437755709492,0.04797547796741807,-0.03198130094218181,1.831552576187505,0.07811942055386553,-0.28517228861058674
138,-1.1205947690867628,-1.5547583439581882,-0.7118685193283134,-1.3899565409486712,0.1667924856102653,-0.10823399682198352,1.265558544263493
139,0.950567822195448,-1.5547583439581882,-0.6266396292292413,0.6470063190610629,0.6776627166975153,0.7310079667449845,2.6178546260115048
140,-1.4149552058618418,-0.14154597987542428,2.3632664880604883,-1.3899565409486712,-2.099891993960908,-1.9509174385671701,-1.8432525567115579
141,0.950567822195448,-1.1597610993387824,0.9444435851086006,-0.37147511094380414,-0.47461556477677397,-1.4237848698361522,-0.6379451795013726
142,-0.2339669474759733,-1.5547583439581882,-0.6416806368161184,-1.050462730947049,0.46493441857896917,-0.1805599734956781,0.4056746227172021
143,-1.4149552058618418,-1.2738714144510552,-0.4706434299163149,1.3259939390643076,0.09185410786402108,0.7544650402608774,0.38362631703652816
144,-0.822687821026131,-0.6857644057954949,-0.6375936700275227,0.9865001290626852,0.5036122909643675,0.7850895529070381,1.4272461192551027
145,-0.5283273842510522,-0.00988023166895558,-0.19504042264530613,-1.3899565409486712,-0.45849978461633445,0.9323478477560903,-1.1009595987955292
146,-0.2339669474759733,1.0961120532653812,-0.4846735902640601,-0.37147511094380414,0.08218463976781461,0.27489820393729253,-0.10878584316519394
147,0.0639400005846585,-0.13276826332832653,0.9540576471870043,-0.37147511094380414,-0.8202990492188031,-1.2882551117450465,-0.99806750561905
148,0.3583004373597374,1.1048897698124793,0.1432873276179447,-1.3899565409486712,-1.6276996352587703,-0.24897643791734117,-1.3875875726442926
149,0.6526608741348162,-1.5547583439581882,-0.6266396292292413,0.6470063190610629,0.6776627166975153,0.7310079667449845,2.3312266521627416
150,-0.5283273842510522,0.025230634519435947,0.2622207392219448,-1.050462730947049,-1.386768721859598,1.010538092808758,-0.8363799306274396
151,-0.822687821026131,-0.26443401153479523,0.6743656130844291,-0.7109689209454265,-0.41659875619896264,-1.2237481595763409,-1.1083090340224206
152,0.0639400005846585,-0.6769866892483971,-0.11204992769850855,-1.3899565409486712,0.7574358284917196,-0.6060452236581353,0.4056746227172021
153,-0.5283273842510522,1.420887565508004,-0.7339144653390546,0.9865001290626852,-0.221597816257129,0.5602925983800393,0.25868591817937464
154,1.2449282589705268,-0.8086524374548657,-0.7757453017355873,0.30751250905944055,-0.18453152188800356,0.4762380849483983,1.2876068499441666
155,1.2449282589705268,1.3067772503957313,2.4184788089663294,-1.050462730947049,-1.0950731009551273,-2.414846225880777,-0.9760191999383758
156,0.950567822195448,-0.11521283023413079,-0.6295498360871593,0.30751250905944055,1.04751987138049,0.6593335754469372,1.1038709692718824
157,0.6526608741348162,1.3945544158667105,-0.6441565707693742,-1.3899565409486712,0.3045824059822809,-0.04633338615494093,0.36157801135585377
158,0.6526608741348162,-0.22054542879930567,-0.4934469171132407,0.30751250905944055,-1.1909619929100574,0.4260660110393022,-0.2484251124761299
159,0.950567822195448,0.13056323308461085,-0.3703999166268723,-0.37147511094380414,0.6607411475287962,0.2807624723162658,0.1190466488684387
160,0.3583004373597374,-1.4582034619401112,-0.7054071945513911,0.6470063190610629,-0.26752778971446756,0.49057296320800775,0.8098935601962275
161,1.2449282589705268,-0.33465574391157843,2.3734328001198257,-1.3899565409486712,3.671168881505886,-0.9904805951687059,-0.7849338840392001
162,-0.5283273842510522,1.3857766993196123,-0.4124842175411965,1.3259939390643076,1.0636356515409295,0.16999295849142154,0.6335071147508348
163,-1.7093156426369205,-1.4230925957517195,-0.8402620919543375,0.9865001290626852,-0.1055641991017926,0.499043573088644,0.7143509022466399
164,-0.822687821026131,-0.1591014129696202,-0.6295498360871593,0.30751250905944055,1.04751987138049,0.6593335754469372,1.1038709692718824
165,0.6526608741348162,-0.00988023166895558,0.5718832292481804,-0.7109689209454265,1.4254349161433983,-0.8112946169221985,-0.5056553454173279
166,0.950567822195448,-1.3265377137336427,0.3726810356235014,-0.37147511094380414,0.0991062089362475,-1.103856450495213,-0.5056553454173279
167,0.950567822195448,1.2014446518305562,-0.38933630700609034,-0.7109689209454265,0.2876608368138481,0.1465358849755286,-0.28517228861058674
168,-1.7093156426369205,-0.9315404691142366,0.8645400645530731,-0.37147511094380414,-0.48186766584900037,-1.3566715761657835,-0.43216099314841416
169,0.6526608741348162,0.35000614676205866,-0.022833745197643352,-1.3899565409486712,-0.557611832603238,1.0372530932019612,-1.0936101635686377
170,-1.4149552058618418,-0.18543456261091398,-0.262353435959769,-0.7109689209454265,0.7187579561066075,0.0748614936765553,-0.03529149089628022
171,0.3583004373597374,-0.14154597987542428,-0.2123066728024154,-0.03198130094218181,0.792084755836865,0.08333210355719152,-0.17493076020721618
172,0.950567822195448,1.5437755971673746,-0.3721913616869737,0.9865001290626852,0.8138410590535443,0.2149523493962657,-0.35866664087950045
173,-1.4149552058618418,1.7807739439390184,-0.49290560120653504,-1.3899565409486712,0.26268137756519544,0.07095198142452377,-0.1675813249803247
174,-0.5283273842510522,-0.42243290938255756,-0.7102421154031164,-1.050462730947049,0.3908018298410046,-0.23138363278042146,-0.35866664087950045
175,-1.7093156426369205,1.3155549669428293,-0.5478444910242558,0.6470063190610629,-0.4069292881027562,0.5954782086538788,-0.5497519567786763
176,-1.1205947690867628,-1.37920401301623,0.7871775277692148,-0.37147511094380414,-0.43996663743162856,-1.307802673007982,-0.33661833519882656
177,-0.5283273842510522,-0.773541571266474,1.580124514022493,-1.3899565409486712,-1.1595362215968854,2.144296646075682,-1.174453951064443
178,0.950567822195448,-0.589209523777418,0.6713531964022065,-0.7109689209454265,-0.4335203253673955,-1.2152775496957045,-1.2258999976526823
179,0.0639400005846585,-1.2387605482626636,-0.5625872677749445,2.004981559067552,1.143408763335134,0.2794593015649713,1.7579707044652144
180,0.950567822195448,-0.6330981065129075,-0.6375936700275227,0.9865001290626852,0.5036122909643675,0.7850895529070381,1.0009788760954033
181,0.3583004373597374,-0.38732204319416585,-0.6602078709684297,0.9865001290626852,-0.2393251744338415,0.6261027212991135,0.2954330943138315
182,-0.2339669474759733,-0.044991097857347416,-0.7086291017572277,1.3259939390643076,0.6478485234006163,0.6332701604293811,0.6702542908852915
183,-1.7093156426369205,-0.42243290938255756,-0.46878210186006103,0.30751250905944055,-0.31265197416381274,0.26121491105240435,0.33218027044828835
184,0.3583004373597374,-1.2212051151684675,-0.55464540596162,0.30751250905944055,0.9524367684335533,0.6873517465905088,1.2508596738097097
185,-1.7093156426369205,1.0258903208885979,2.714877791559528,-1.050462730947049,-1.5938564969219047,-2.4721857389201407,-1.8212042510308837
186,0.0639400005846585,1.3067772503957313,-0.46765248522043845,0.9865001290626852,0.0523704464709156,0.7727094307734443,0.19254100113735242
187,1.2449282589705268,1.1048897698124793,2.714877791559528,-1.050462730947049,-1.5938564969219047,-2.4721857389201407,-1.1303573397030946
188,0.950567822195448,0.9205577223234229,-0.5972542255091983,1.3259939390643076,0.4069176100014441,0.4397493039232644,0.3983251874903106
189,1.2449282589705268,-0.475099208665145,0.21888218906828366,-1.050462730947049,-1.369041363683172,0.9812167509138918,-0.6232463090475899
190,1.2449282589705268,1.807107093580312,-0.5103956037232077,-1.3899565409486712,0.20788772501935748,0.056617103163988346,0.030853426145742026
191,-1.7093156426369205,-1.0632062173207053,-0.7871183552740652,1.66548774906593,0.4270623352018504,0.6345733311797497,0.8833879124651413
192,-1.1205947690867628,0.025230634519435947,4.137728870842931,-1.050462730947049,-0.934721088358439,-3.792297709561988,-1.6889144169468389
193,1.2449282589705268,-0.11521283023413079,2.136664138279937,-1.3899565409486712,-2.908904158016862,-1.3899024303136072,0.5232655863474641
194,-1.7093156426369205,-1.2826491309981531,-0.40085598806461337,0.6470063190610629,0.24011928534052282,0.903026505861224,0.7143509022466399
195,0.3583004373597374,1.4823315813376896,-0.6427392612056813,0.30751250905944055,-1.0805688988106745,0.3491789367370029,-0.8143316249467657
196,-1.1205947690867628,-1.2563159813568592,-0.8140429663566857,0.9865001290626852,-0.9339152993504457,0.24427369129113188,1.2067630624483616
197,-0.2339669474759733,-0.18543456261091398,0.5328580921450246,-0.7109689209454265,1.141797185319147,-0.9930869366703688,-0.7849338840392001
198,-1.4149552058618418,-0.5453209410419284,0.21888218906828366,-1.050462730947049,-1.369041363683172,0.9812167509138918,-0.8657776715350053
199,0.0639400005846585,0.7801142575698565,-0.47628794765544036,0.30751250905944055,0.4270623352018504,0.34331466835802965,-0.03529149089628022
200,-0.5283273842510522,-0.3609888935528722,2.46687238763987,-1.3899565409486712,-2.431877065266764,-1.9242024381748928,-1.8359031214846664
201,0.6526608741348162,-0.9315404691142366,-0.5580562824937875,2.004981559067552,1.1603303325035668,0.27750454543895553,0.8686890420113583
202,0.950567822195448,1.113667486359577,-0.49097375629475304,0.6470063190610629,0.8549362984626364,0.3055227165825272,-0.13083414884586783
203,-0.2339669474759733,1.824662526674508,-0.3318428846725479,-0.37147511094380414,0.48346756576367506,0.23189356915753817,-0.2778228533836953
204,-0.822687821026131,1.2541109511131436,-0.7915373376035654,2.004981559067552,1.124069827142721,0.44821991380390064,-0.005893749988714833
205,0.950567822195448,0.35000614676205866,-0.4526841337644817,-0.03198130094218181,0.40047129793721103,0.3296313754740674,0.45712066930544193
206,0.3583004373597374,-0.06254653095154318,0.3178894388781703,-0.03198130094218181,0.13697829231336628,-1.0660644987197108,-0.5350530863248936
207,0.6526608741348162,-0.08887968059283698,2.3754904661176512,-1.3899565409486712,-2.214314033100258,-1.9255056089252613,-1.5639740180896855
208,-1.7093156426369205,-1.5547583439581882,-0.7118685193283134,-1.3899565409486712,0.1667924856102653,-0.10823399682198352,-0.005893749988714833
209,-1.1205947690867628,1.22777780147185,0.06080796102509294,-1.3899565409486712,-1.559207569576759,-0.21313924226785452,-1.7844570748964268
210,0.950567822195448,-0.39609975974126393,0.49817093014317576,-0.7109689209454265,-0.3956482419902767,-1.0856120599826462,-0.5277036510980021
211,0.950567822195448,-1.2124273986213696,0.8426291305893204,-0.37147511094380414,-0.48670239989696046,-1.337124014902848,-0.46155873405597986
212,0.950567822195448,0.04278606761363171,-0.5009420665316578,1.3259939390643076,0.033837299286209745,0.7518586987592144,-0.46890816928287105
213,-0.2339669474759733,1.6578859122796479,-0.47148551209671113,1.3259939390643076,0.09024252984803438,0.7544650402608774,0.008805120465068119
214,-0.822687821026131,0.6660039424575837,1.286343370650248,-0.37147511094380414,-0.6825091288467875,-1.6322921899775256,-1.490479665820772
215,0.0639400005846585,-0.34343346045867634,2.3754904661176512,-1.3899565409486712,-2.214314033100258,-1.9255056089252613,-1.6448178055854905
216,0.3583004373597374,-0.7559861381722783,0.25206235040480185,-1.3899565409486712,1.3424386483172206,-0.3753840007521634,0.3174813999945054
217,-0.2339669474759733,-0.4312106259296554,0.2898609696163004,-0.37147511094380414,0.311028718046514,-1.0478201082071437,-1.2185505624257913
218,0.6526608741348162,-0.48387692521224307,0.21888218906828366,-1.050462730947049,-1.369041363683172,0.9812167509138918,-0.8363799306274396
219,1.5392886957456058,-1.3265377137336427,-0.4361027686626363,-0.03198130094218181,0.43673180329834316,0.9310446770057217,1.2508596738097097
220,0.950567822195448,1.824662526674508,-0.6869869241687012,0.9865001290626852,0.9532425574415466,0.5381386956145149,0.2219387420449178
221,0.950567822195448,-1.5547583439581882,-0.5902164056302283,1.66548774906593,-0.04029528945175485,0.7016866248501182,0.5085667158936812
222,-0.2339669474759733,1.2541109511131436,0.0577535511592411,-1.3899565409486712,-1.5857986068416847,-0.18903058337631434,-1.850601991938449
223,0.950567822195448,0.04278606761363171,-0.5808007415363666,-1.050462730947049,0.5165049150925475,-0.14146485096980718,0.3762768818096367
224,0.950567822195448,-1.2475382648097613,-0.25873188041765854,-0.37147511094380414,0.5116701810445874,1.0652712643464588,-0.09408697271141098
225,-1.7093156426369205,1.113667486359577,0.516365071193644,-0.7109689209454265,-0.3537472135731912,-1.1162365726288068,-0.8878259772156795
226,0.3583004373597374,1.4647761482434936,-0.7583787433322998,1.3259939390643076,-0.01773319722708225,0.49057296320800775,0.7510980783810968
227,0.0639400005846585,0.2797844143852753,0.872540954520744,-0.37147511094380414,-0.4681692527125409,-1.3677485275480827,-0.9025248476694622
228,-1.1205947690867628,-1.3967594461104258,0.294675131573477,-1.050462730947049,-1.4367276403571898,1.0190087026903203,-0.8069821897198742
229,0.3583004373597374,-1.080761650414901,-0.5493320797462109,0.30751250905944055,0.8331799952459572,0.5922202817765685,0.8466407363306844
230,-0.822687821026131,-1.2475382648097613,-0.8194412297284164,1.3259939390643076,-0.8597827106121949,0.27359503318599804,1.4566438601626681
231,0.950567822195448,0.35000614676205866,-0.49118031521875494,1.66548774906593,0.10232936496850717,0.7310079667449845,0.2954330943138315
232,0.3583004373597374,-1.3528708633749362,-0.7127396005751402,0.6470063190610629,-0.25946989963424777,0.48861820708106607,0.5453138920281381
233,-1.4149552058618418,-0.1503236964225223,2.3632664880604883,-1.3899565409486712,-2.099891993960908,-1.9509174385671701,-1.9387952146611453
234,0.0639400005846585,1.9387728417867807,-0.36935959492677806,-0.7109689209454265,0.5430959523574731,0.09049954268745924,0.1190466488684387
235,1.2449282589705268,1.5437755971673746,-0.37026276530449126,1.3259939390643076,0.8396263073101903,0.19931430038628772,0.3174813999945054
236,-1.1205947690867628,-0.33465574391157843,2.7651269935549427,-1.3899565409486712,-1.6405922593872364,-2.4949912270603862,-1.3802381374174013
237,-0.2339669474759733,-0.22932314534640355,-0.5551064594248986,0.9865001290626852,-0.13537839239869162,0.7349174789979419,0.42037349317098505
238,0.6526608741348162,-0.7647638547193761,0.25206235040480185,-1.3899565409486712,1.3424386483172206,-0.3753840007521634,0.038202861372633505
239,0.950567822195448,-0.4048774762883618,0.06414047669195999,-0.03198130094218181,1.8154367960270654,0.04554015178168912,-0.4248115579215227
240,0.950567822195448,-1.5547583439581882,-0.6266396292292413,0.6470063190610629,0.6776627166975153,0.7310079667449845,1.8608627976416936
241,0.950567822195448,-0.05376881440444514,-0.09229443254125744,-0.03198130094218181,1.586592717748366,0.046843322532983594,0.14844438977600408
242,0.3583004373597374,2.035327723804858,-0.7618385855012273,1.3259939390643076,-0.11845682323025873,0.5824465011446378,2.184237947624914
243,0.0639400005846585,0.3148952805736671,-0.4326792149429582,-0.03198130094218181,0.42061602313790364,0.31138698496150047,0.31013196476761445
244,-0.5283273842510522,0.13056323308461085,-0.4934469171132407,0.30751250905944055,-1.1909619929100574,0.4260660110393022,-0.37336551133328344
245,1.2449282589705268,-1.203649682074272,0.8426291305893204,-0.37147511094380414,-0.48670239989696046,-1.337124014902848,-0.33661833519882656
246,1.2449282589705268,-0.35221117700577437,-0.6602078709684297,0.9865001290626852,-0.2393251744338415,0.6261027212991135,0.2513364829524832
247,0.950567822195448,-0.7033198388896909,-0.5248408627295054,0.30751250905944055,1.0821687987253492,0.7433880888785781,0.8319418658769014
248,1.5392886957456058,-0.38732204319416585,-0.41351495211823586,0.30751250905944055,1.4850633027371962,0.6873517465905088,0.684953161339074
249,1.2449282589705268,-0.3609888935528722,-0.6059813598563867,0.6470063190610629,-0.32876775432425226,0.6130710137907984,0.6923025965659655
250,0.0639400005846585,0.8591137064937376,-0.5465994327458642,0.9865001290626852,0.32392134217498014,0.4286723525409652,0.2219387420449178
251,-0.5283273842510522,-0.35221117700577437,2.3754904661176512,-1.3899565409486712,-2.214314033100258,-1.9255056089252613,-1.6595166760392734
252,-0.5283273842510522,1.1575560690950666,4.2091410527389685,-1.050462730947049,-2.0370404513348506,-3.5531658767753798,-1.8946986032997974
253,0.0639400005846585,-0.38732204319416585,-0.46878210186006103,0.30751250905944055,-0.31265197416381274,0.26121491105240435,-0.4909564749635452
254,-0.2339669474759733,-0.4312106259296554,-0.2781318596976574,-1.3899565409486712,0.6164227520877306,-0.5330676616087935,0.19254100113735242
255,-0.2339669474759733,1.429665282055102,-0.7339144653390546,0.9865001290626852,-0.221597816257129,0.5602925983800393,0.08229947273398183
256,-0.5283273842510522,0.05156378416072974,-0.7931159564550893,2.004981559067552,1.1256814051587076,0.44952308455519513,0.6335071147508348
257,-0.5283273842510522,0.4465610287801358,-0.29789725890765123,-0.7109689209454265,0.9645236035540261,0.8971622374822508,-0.10143640793830246
258,-1.7093156426369205,0.80644740721115,2.666475497319574,-1.3899565409486712,-1.6156128001385839,-2.42071049425975,-1.652167240812382
259,0.950567822195448,0.01645291797233791,0.5540678191745934,-0.37147511094380414,-0.13860154843066502,-1.2055037690637738,-1.1671045158375515
260,-0.2339669474759733,-0.001102515121857854,-0.19504042264530613,-1.3899565409486712,-0.45849978461633445,0.9323478477560903,-0.6746923556358295
261,-1.4149552058618418,1.7719962273919205,-0.47168089924921935,-1.050462730947049,0.3593760585281189,0.0748614936765553,-0.2778228533836953
262,-0.5283273842510522,-0.4136551928354597,-0.26448993821742645,-0.7109689209454265,0.3771034167045451,1.0522395568372178,-0.07203866703073708
263,-1.4149552058618418,-1.5547583439581882,-0.6936760421587057,0.6470063190610629,-1.0354447143613292,0.3309345462244359,0.5673621977088125
264,0.0639400005846585,-0.13276826332832653,-0.6295498360871593,0.30751250905944055,1.04751987138049,0.6593335754469372,0.6041093738432693
265,1.2449282589705268,0.13056323308461085,-0.4170855612130378,-0.03198130094218181,0.4157812890896572,0.3003100335792012,0.6629048556584001
266,0.6526608741348162,0.13056323308461085,-0.5547638584324228,1.3259939390643076,0.23931349633252946,0.7433880888785781,0.7437486431542053
267,0.3583004373597374,-1.2212051151684675,-0.55464540596162,0.30751250905944055,0.9524367684335533,0.6873517465905088,1.6697774817425182
268,0.950567822195448,-0.8174301540019636,0.6962488157005021,-1.050462730947049,-1.156313065564912,1.3975798058209916,-1.0642124226610723
269,-0.2339669474759733,2.1933266216526204,-0.5071538091794637,0.6470063190610629,0.8251221051657375,0.35048210748829733,-0.1969790658878906
270,-0.5283273842510522,0.12178551653751311,-0.4934469171132407,0.30751250905944055,-1.1909619929100574,0.4260660110393022,-0.2925217238374782
271,0.3583004373597374,0.3938947294975482,-0.5580562824937875,2.004981559067552,1.1603303325035668,0.27750454543895553,0.44242179885165894
272,0.3583004373597374,-0.984206768396824,-0.5607395676952645,0.6470063190610629,-1.196602515966011,0.24557686204242635,0.21458930681802632
273,0.950567822195448,-1.5547583439581882,-0.7118685193283134,-1.3899565409486712,0.1667924856102653,-0.10823399682198352,0.5526633272550295
274,1.2449282589705268,0.7186702417401709,2.7222709688509057,-1.3899565409486712,-1.6736296087161089,-2.4428643970252746,-1.1671045158375515
275,0.950567822195448,1.210222368377654,3.508532323340745,-1.050462730947049,-1.4568723655578824,-3.178504285897666,-1.5125279715014461
276,-0.2339669474759733,-1.0105399180381178,-0.7871183552740652,1.66548774906593,0.4270623352018504,0.6345733311797497,1.471342730616451
277,-1.4149552058618418,-0.5540986575890262,-0.5493320797462109,0.30751250905944055,0.8331799952459572,0.5922202817765685,0.6482059852046171
278,0.950567822195448,-0.48387692521224307,0.21888218906828366,-1.050462730947049,-1.369041363683172,0.9812167509138918,-0.5791496976862416
279,-0.5283273842510522,-0.3609888935528722,2.46687238763987,-1.3899565409486712,-2.431877065266764,-1.9242024381748928,-1.3802381374174013
280,-0.2339669474759733,0.8678914230408357,-0.45065301062800667,0.30751250905944055,-0.48670239989696046,0.6410891849343702,-0.04264092612317169
281,-0.5283273842510522,-0.8437633036432575,-0.7757453017355873,0.30751250905944055,-0.18453152188800356,0.4762380849483983,1.0671237931374256
282,1.5392886957456058,1.1663337856421645,0.057464352819153956,-1.3899565409486712,-1.622059112202817,-0.15710289997978516,-1.394937007871184
283,0.6526608741348162,1.4735538647905915,-0.6013295451317685,0.6470063190610629,0.7340679472590537,0.5433513786187669,0.5894105033894864
284,-0.2339669474759733,-1.2387605482626636,-0.55464540596162,0.30751250905944055,0.9524367684335533,0.6873517465905088,1.5301382124315819
285,1.2449282589705268,0.7625588244756605,-0.5929424763395538,0.6470063190610629,0.8517131424306631,0.5238038173549054,0.008805120465068119
286,-1.1205947690867628,1.4911092978847875,-0.47628794765544036,0.30751250905944055,0.4270623352018504,0.34331466835802965,0.22928817727180928
287,-0.2339669474759733,0.2534512647439818,-0.2741200844774842,-0.7109689209454265,0.958077291489793,0.9141034572435233,0.6188082442970517
288,0.6526608741348162,0.6923370920988774,2.7222709688509057,-1.3899565409486712,-1.6736296087161089,-2.4428643970252746,-1.6448178055854905
289,0.950567822195448,0.5694490604395065,2.790457598849698,-1.3899565409486712,-1.7880516478554587,-2.4487286654042477,-1.806505380577101
290,0.3583004373597374,0.35000614676205866,0.058713055788954874,-1.3899565409486712,-0.5946781269723633,1.0913346793640148,-1.0421641169803981
291,1.5392886957456058,-0.027435664763151655,4.281827291979828,-1.050462730947049,-0.954060024550852,-3.8985061257591536,-1.968192955568711
292,-1.1205947690867628,-1.1070948000561949,0.620665046789235,-0.7109689209454265,1.2119008290171451,-1.0347884006979027,-0.17493076020721618
293,-0.2339669474759733,-0.39609975974126393,-0.7391996640446744,0.9865001290626852,-0.14343628247891138,0.5967813794042472,0.7437486431542053
294,-0.822687821026131,-0.8525410201903553,-0.7757453017355873,0.30751250905944055,-0.18453152188800356,0.4762380849483983,1.0156777465491857
295,1.2449282589705268,-0.8086524374548657,-0.7757453017355873,0.30751250905944055,-0.18453152188800356,0.4762380849483983,1.3831495078937543
296,0.950567822195448,-0.9929844849439219,-0.7871183552740652,1.66548774906593,0.4270623352018504,0.6345733311797497,1.5815842590198217
297,-0.822687821026131,-0.26443401153479523,0.21888218906828366,-1.050462730947049,-1.369041363683172,0.9812167509138918,-0.9833686351652671
298,-1.7093156426369205,-1.4582034619401112,-0.5973419358002876,0.30751250905944055,1.0886151107895823,0.6899580880921719,1.0156777465491857
299,-0.2339669474759733,-1.1334279496974884,0.377099827795189,-0.37147511094380414,0.24978875343672927,-1.1136302311262178,-1.1965022567451171
300,1.2449282589705268,-1.194871965527174,-0.8140429663566857,0.9865001290626852,-0.9339152993504457,0.24427369129113188,1.7726695749189973
301,-1.7093156426369205,-0.19421227915801187,-0.2123066728024154,-0.03198130094218181,0.792084755836865,0.08333210355719152,-0.04264092612317169
302,-1.7093156426369205,-0.46632149211804713,0.49817093014317576,-0.7109689209454265,-0.3956482419902767,-1.0856120599826462,-0.4909564749635452
303,-0.2339669474759733,-0.5102100748535366,0.21888218906828366,-1.050462730947049,-1.369041363683172,0.9812167509138918,-0.7040900965433952
304,-1.1205947690867628,1.499887014431885,-0.719633455143442,1.3259939390643076,0.3577644805118459,0.609161501537841,0.21458930681802632
305,-1.1205947690867628,-1.5547583439581882,-0.7118685193283134,-1.3899565409486712,0.1667924856102653,-0.10823399682198352,1.2729079794903837
306,-0.822687821026131,1.210222368377654,-0.6542218614907357,1.66548774906593,-0.029014243339561686,0.6482566240646379,-0.1234847136189769
307,-1.1205947690867628,-1.5547583439581882,-0.6416806368161184,-1.050462730947049,0.46493441857896917,-0.1805599734956781,0.5453138920281381
308,1.2449282589705268,-0.08010196404573894,2.3632664880604883,-1.3899565409486712,-2.099891993960908,-1.9509174385671701,-1.453732489686315
309,0.6526608741348162,1.9299951252396832,-0.5946534212589625,1.66548774906593,0.8968373268800083,0.38827405926379976,-0.41011268746774027
310,0.3583004373597374,-1.2299828317155657,-0.40085598806461337,0.6470063190610629,0.24011928534052282,0.903026505861224,0.2660353534062661
311,0.3583004373597374,-0.13276826332832653,0.8079086909702557,-0.37147511094380414,-0.6937901749592669,-1.2211418180746778,-0.9098742828963534
312,-0.2339669474759733,-0.38732204319416585,-0.46878210186006103,0.30751250905944055,-0.31265197416381274,0.26121491105240435,0.06760060228019889
313,1.2449282589705268,-0.4048774762883618,0.04797547796741807,-0.03198130094218181,1.831552576187505,0.07811942055386553,-0.09408697271141098
314,0.950567822195448,-0.39609975974126393,-0.7239916345123443,-1.050462730947049,0.3771034167045451,-0.2294288766544057,-0.6379451795013726
315,1.5392886957456058,-1.0105399180381178,0.6781212298844649,-1.050462730947049,-1.4085250250762773,1.3363307805295963,-0.4909564749635452
316,-0.822687821026131,1.0785566201711854,-0.055894265577029444,0.30751250905944055,1.6945684448234828,0.08072576205552853,-1.115658469249312
317,-0.2339669474759733,1.1926669352834585,0.534438778962761,-1.050462730947049,-1.2094951400944771,1.2679143161079331,-1.2699966090140307
318,1.2449282589705268,-0.39609975974126393,0.06414047669195999,-0.03198130094218181,1.8154367960270654,0.04554015178168912,-0.2704734181568043
319,0.6526608741348162,-1.405537162657524,-0.5973419358002876,0.30751250905944055,1.0886151107895823,0.6899580880921719,0.9127856533727067
320,-1.4149552058618418,-0.4136551928354597,-0.46878210186006103,0.30751250905944055,-0.31265197416381274,0.26121491105240435,0.18519156591046093
321,0.0639400005846585,1.0873343367182835,-0.28966738724056884,-0.37147511094380414,0.4883022998119214,0.20061747113665623,1.2729079794903837
322,1.2449282589705268,-0.38732204319416585,-0.41351495211823586,0.30751250905944055,1.4850633027371962,0.6873517465905088,1.2361608033559268
323,-0.2339669474759733,-0.6682089727012992,-0.6375936700275227,0.9865001290626852,0.5036122909643675,0.7850895529070381,0.7290497727004224
324,-0.2339669474759733,2.070438589993249,-0.7597553274311146,0.6470063190610629,-0.18453152188800356,0.4579936944358313,1.6697774817425182
325,-0.822687821026131,-0.35221117700577437,0.12097072365385068,-1.050462730947049,0.6373732662961302,1.3389371220312591,-0.5424025215517848
326,0.950567822195448,-0.4048774762883618,-0.41351495211823586,0.30751250905944055,1.4850633027371962,0.6873517465905088,0.582061068162595
327,-0.2339669474759733,1.6578859122796479,-0.47148551209671113,1.3259939390643076,0.09024252984803438,0.7544650402608774,0.02350399091885055
328,-1.1205947690867628,-1.203649682074272,0.8686720353573315,-0.37147511094380414,-0.4665576746965542,-1.3651421860464197,-0.6893912260896122
329,-1.4149552058618418,-0.42243290938255756,-0.6602078709684297,0.9865001290626852,-0.2393251744338415,0.6261027212991135,0.09699834318776426
330,0.6526608741348162,-0.31710031081738266,-0.6295498360871593,0.30751250905944055,1.04751987138049,0.6593335754469372,1.1259192749525564
331,0.0639400005846585,-0.4136551928354597,-0.2781318596976574,-1.3899565409486712,0.6164227520877306,-0.5330676616087935,0.07495003750709037
332,0.950567822195448,1.6139973295441583,-0.4472067964356533,0.30751250905944055,-0.48186766584900037,0.27489820393729253,-0.24107567724923842
333,-0.822687821026131,0.8240028403053461,2.6375517016897634,-1.050462730947049,-1.507637073063181,-2.4428643970252746,-1.5125279715014461
334,-0.5283273842510522,0.025230634519435947,0.2622207392219448,-1.050462730947049,-1.386768721859598,1.010538092808758,-0.8437293658543311
335,-1.4149552058618418,1.2014446518305562,0.2879308678178011,-0.37147511094380414,0.3078055620145406,-1.0465169374558492,-1.2112011271988996
336,0.3583004373597374,0.7976696906640524,-0.47628794765544036,0.30751250905944055,0.4270623352018504,0.34331466835802965,-0.18228019543410764
337,0.6526608741348162,1.7105522115622354,-0.7110124130092335,1.66548774906593,0.6446253673683566,0.6052519892848836,2.963278081675399
338,0.950567822195448,-0.044991097857347416,-0.5493320797462109,0.30751250905944055,0.8331799952459572,0.5922202817765685,0.15579382500289557
339,0.950567822195448,-0.6857644057954949,0.8070149492507539,-0.37147511094380414,-0.6921785969432802,-1.2211418180746778,-1.0936101635686377
340,0.6526608741348162,-1.0017622014910197,-0.7871183552740652,1.66548774906593,0.4270623352018504,0.6345733311797497,1.4786921658433425
341,0.3583004373597374,1.5876641799028641,-0.7235144968674114,0.9865001290626852,-0.14827101652715777,0.6078583307865465,0.7731463840617707
342,0.3583004373597374,-0.8525410201903553,0.897486490244863,-0.03198130094218181,-0.7219927902398929,-1.286951940993752,-1.0348146817535069
343,-1.4149552058618418,-1.5547583439581882,-0.5902164056302283,1.66548774906593,-0.04029528945175485,0.7016866248501182,0.942183394280272
344,0.950567822195448,-0.11521283023413079,-0.5499235497760054,0.6470063190610629,-0.3956482419902767,0.6104646722891355,0.19254100113735242
345,-1.7093156426369205,1.3769989827725144,-0.7106491323546308,0.6470063190610629,-0.2409367524498282,0.5700663790110441,0.31013196476761445
346,1.2449282589705268,-0.3609888935528722,-0.46878210186006103,0.30751250905944055,-0.31265197416381274,0.26121491105240435,0.15579382500289557
347,0.0639400005846585,-1.4582034619401112,-0.7054071945513911,0.6470063190610629,-0.26752778971446756,0.49057296320800775,0.5232655863474641
348,-0.822687821026131,-0.001102515121857854,-0.5009420665316578,1.3259939390643076,0.033837299286209745,0.7518586987592144,-0.8437293658543311
349,-0.2339669474759733,1.754440794297725,-0.47027697996483464,-1.3899565409486712,0.25301190946870267,0.08789320118579624,-0.07203866703073708
350,1.2449282589705268,-0.36976661009997014,0.8426291305893204,-0.37147511094380414,-0.48670239989696046,-1.337124014902848,-1.0568629874341808
351,1.2449282589705268,-0.29076716117608886,-0.7241093738913496,-1.050462730947049,0.3754918386885584,-0.23268680353079,0.8980867829189242
352,1.2449282589705268,-1.194871965527174,0.8426291305893204,-0.37147511094380414,-0.48670239989696046,-1.337124014902848,-0.4909564749635452
353,-0.822687821026131,-0.03621338131024938,0.9329984617591245,-0.03198130094218181,-0.5809797138359039,-1.3775223081800134,-0.6232463090475899
354,-1.4149552058618418,-0.3083225942702848,0.5686180611399638,-1.050462730947049,-1.4101366030922642,1.2496699255953663,-0.9686697647114844
355,-1.1205947690867628,-1.1158725166032928,-0.5493320797462109,0.30751250905944055,0.8331799952459572,0.5922202817765685,0.3762768818096367
356,-1.1205947690867628,0.025230634519435947,-0.5629400105174288,1.3259939390643076,1.4157654480471917,0.48601186557940307,0.11169721364154722
357,1.5392886957456058,-1.3177599971865448,-0.4361027686626363,-0.03198130094218181,0.43673180329834316,0.9310446770057217,1.1700158863139047
358,-1.1205947690867628,0.06034150070782747,1.2606475038903413,-0.37147511094380414,-0.6124054851487896,-1.6348985314791886,-0.9025248476694622
359,0.0639400005846585,1.8861065425041936,-0.5222783277390676,0.9865001290626852,0.423839179169877,0.378500278631869,-0.586499132913133
360,0.6526608741348162,-0.33465574391157843,-0.6295498360871593,0.30751250905944055,1.04751987138049,0.6593335754469372,0.4791689749861158
361,-0.822687821026131,-0.23810086189350144,-0.5551064594248986,0.9865001290626852,-0.13537839239869162,0.7349174789979419,-0.26312398292991285
362,-1.7093156426369205,-0.18543456261091398,-0.6295498360871593,0.30751250905944055,1.04751987138049,0.6593335754469372,0.5967599386163779
363,-0.822687821026131,0.10423008344331704,-0.05914754882195489,-1.3899565409486712,-0.43996663743162856,1.0522395568372178,-1.2626471737871392
364,-0.822687821026131,-1.3704262964691323,-0.5012574908034078,0.30751250905944055,0.5318149062449936,0.8847821153495831,0.5526633272550295
365,-1.7093156426369205,1.1575560690950666,-0.7304783136642877,1.66548774906593,1.1683882225837865,0.4104279620283982,0.12639608409533018
366,-0.2339669474759733,1.5613310302615706,-0.3511157751477522,-0.37147511094380414,0.5318149062449936,0.24688003279279488,0.20723987159113486
367,1.2449282589705268,0.6660039424575837,0.39603241501815384,-0.37147511094380414,-0.22643255030537537,-1.0602002303407374,-0.5424025215517848
368,0.6526608741348162,-1.2124273986213696,-0.8194412297284164,1.3259939390643076,-0.8597827106121949,0.27359503318599804,1.3831495078937543
369,1.5392886957456058,1.5788864633557667,-0.39986811822784446,-0.7109689209454265,1.0773340646771028,0.8359132121908555,0.9201350885995981
370,0.3583004373597374,1.7632185108448224,-0.3905813652844819,-1.050462730947049,0.20144141295541068,0.14523271422423412,0.12639608409533018
371,-0.822687821026131,-0.9578736187555302,-0.5580562824937875,2.004981559067552,1.1603303325035668,0.27750454543895553,1.2067630624483616
372,1.5392886957456058,1.1400006360008708,0.1432873276179447,-1.3899565409486712,-1.6276996352587703,-0.24897643791734117,-1.4463830544594236
373,-0.5283273842510522,0.11300779999041508,-0.05914754882195489,-1.3899565409486712,-0.43996663743162856,1.0522395568372178,-1.1524056453837688
374,-0.822687821026131,2.035327723804858,-0.7259962147874688,0.30751250905944055,-0.2199862382411423,0.44952308455519513,0.2219387420449178
375,-0.5283273842510522,-0.07132424749864122,-0.09229443254125744,-0.03198130094218181,1.586592717748366,0.046843322532983594,0.17049269545667797
376,-0.822687821026131,1.2453332345660457,0.049475347714774125,-1.3899565409486712,-1.5978854419618713,-0.16948302211337887,-1.6080706294510336
377,0.950567822195448,-0.07132424749864122,-0.5671055758685908,1.3259939390643076,-0.12329155727821883,0.7264468691173057,0.3174813999945054
378,0.950567822195448,1.3857766993196123,0.7089600731526062,-0.7109689209454265,1.4270464941596712,-0.9722362046561389,-1.0642124226610723
379,-0.2339669474759733,-0.018657948216053617,-0.5452862345846027,0.30751250905944055,-0.990320529911984,0.0416306395296576,-0.9907180703921585
380,0.6526608741348162,-0.8262078705490615,-0.7757453017355873,0.30751250905944055,-0.18453152188800356,0.4762380849483983,0.3542285761289623
381,-1.4149552058618418,1.043445753982794,-0.24917193408344107,0.9865001290626852,1.1103714140062615,0.046843322532983594,-0.9539708942577017
382,-0.822687821026131,-0.07132424749864122,-0.09439440865239976,-0.03198130094218181,1.586592717748366,0.04879807865899936,-0.020592620442497264
383,0.3583004373597374,-0.13276826332832653,-0.6295498360871593,0.30751250905944055,1.04751987138049,0.6593335754469372,0.9862800056416203
384,1.2449282589705268,0.4641164618743316,2.2692635580204388,-1.3899565409486712,-1.7082785360612542,-2.0154243907358755,-0.9319225885770275
385,-0.5283273842510522,-0.5365432244948305,-0.5493320797462109,0.30751250905944055,0.8331799952459572,0.5922202817765685,0.10434777841465574
386,-0.822687821026131,-1.0368730676794113,-0.7871183552740652,1.66548774906593,0.4270623352018504,0.6345733311797497,1.3464023317592975
387,-1.7093156426369205,-1.0544285007736074,-0.7871183552740652,1.66548774906593,0.4270623352018504,0.6345733311797497,1.1406181454063393
388,-1.1205947690867628,-1.1509833827916844,-0.6530534209643616,0.6470063190610629,0.5495422644217062,0.7687999185204869,1.1553170158601223
389,0.6526608741348162,-1.1070948000561949,0.377099827795189,-0.37147511094380414,0.24978875343672927,-1.1136302311262178,-0.6673429204089383
390,-0.5283273842510522,-0.1239905467812285,1.9377701587766112,-1.3899565409486712,-2.9782020127068667,-1.1331777923900792,-0.6379451795013726
391,0.950567822195448,1.3243326834899267,-0.6970196503646447,1.3259939390643076,1.0741109086451295,0.3824097908848265,0.7510980783810968
392,-1.7093156426369205,0.23589583164978573,1.0979706644565583,-0.03198130094218181,-0.640608100429702,-1.492201334257815,-1.0421641169803981
393,-1.1205947690867628,0.24467354819688375,0.872540954520744,-0.37147511094380414,-0.4681692527125409,-1.3677485275480827,-0.9098742828963534
394,0.6526608741348162,-0.11521283023413079,-0.6295498360871593,0.30751250905944055,1.04751987138049,0.6593335754469372,0.23663761249870074
395,-0.2339669474759733,-0.32587802736448057,-0.5110763686925306,-1.050462730947049,0.47540967568345527,-0.3949315620160248,0.33952970567517987
396,-0.2339669474759733,1.3418881165841228,-0.7153175066554347,1.66548774906593,0.6397906333203965,0.6032972331588677,0.2954330943138315
397,-0.5283273842510522,-1.098317083509097,1.0499146159004895,-1.3899565409486712,-1.126498872268013,1.7122955421586046,-1.1524056453837688
398,0.950567822195448,-0.027435664763151655,-0.06982776237000582,-1.3899565409486712,-0.48186766584900037,1.028782483321325,-0.9172237181232449
399,0.3583004373597374,-0.10643511368703275,-0.6023491871697361,0.6470063190610629,0.755824250475733,0.6156773552924615,0.8319418658769014
400,-0.822687821026131,-0.044991097857347416,0.8652111631669189,-0.37147511094380414,-0.4834792438649871,-1.3566715761657835,-0.7555361431316348
401,0.3583004373597374,1.210222368377654,-0.5300158491362044,-0.03198130094218181,1.0442967153482303,0.7349174789979419,-0.4027632522408488
402,1.2449282589705268,1.2804441007544372,-0.7716763999391942,2.004981559067552,1.0305983022117708,0.48861820708106607,0.7363992079273138
403,1.2449282589705268,1.4823315813376896,1.5856660296130944,-1.3899565409486712,2.3343649171945353,-1.163802305035314,0.23663761249870074
404,-0.2339669474759733,-0.14154597987542428,-0.6295498360871593,0.30751250905944055,1.04751987138049,0.6593335754469372,1.0083283113222947
405,-0.822687821026131,0.3061175640265691,-0.4526841337644817,-0.03198130094218181,0.40047129793721103,0.3296313754740674,0.33218027044828835
406,1.2449282589705268,0.034008351066533986,-0.19504042264530613,-1.3899565409486712,-0.45849978461633445,0.9323478477560903,-0.6085474385938072
407,-1.1205947690867628,-0.6506535396071033,-0.6912540654847924,-1.050462730947049,0.41416971107367057,-0.219655096022475,0.5379644568012466
408,0.3583004373597374,-1.5547583439581882,-0.6266396292292413,0.6470063190610629,0.6776627166975153,0.7310079667449845,2.3606243930703066
409,1.2449282589705268,-1.194871965527174,-0.6108735657491757,0.30751250905944055,-1.0572010175780084,0.40391210827377777,1.0083283113222947
410,-0.5283273842510522,-0.3609888935528722,2.3754904661176512,-1.3899565409486712,-2.214314033100258,-1.9255056089252613,-1.6227694999048166
411,-1.7093156426369205,-0.2732117280818931,-0.5900096090089605,-1.050462730947049,0.4963601898921412,-0.12061411895557723,-0.8437293658543311
412,0.0639400005846585,-0.34343346045867634,2.3754904661176512,-1.3899565409486712,-2.214314033100258,-1.9255056089252613,-1.3214426556022703
413,1.2449282589705268,1.22777780147185,3.508532323340745,-1.050462730947049,-1.4568723655578824,-3.178504285897666,-1.4096358783249667
